<?xml version="1.0" encoding="UTF-8"?>
<project-private xmlns="http://www.netbeans.org/ns/project-private/1">
    <editor-bookmarks xmlns="http://www.netbeans.org/ns/editor-bookmarks/2" lastBookmarkId="0"/>
    <open-files xmlns="http://www.netbeans.org/ns/projectui-open-files/2">
        <group>
            <file>file:/C:/Users/Sami/Documents/NetBeansProjects/TakeHomeExam_Q2/src/takehomeexam_q2/Q2.java</file>
            <file>file:/C:/Users/Sami/Documents/NetBeansProjects/TakeHomeExam_Q2/src/takehomeexam_q2/EstateAgent.java</file>
            <file>file:/C:/Users/Sami/Documents/NetBeansProjects/TakeHomeExam_Q2/test/takehomeexam_q2/EstateAgentTest.java</file>
            <file>file:/C:/Users/Sami/Documents/NetBeansProjects/TakeHomeExam_Q2/src/takehomeexam_q2/IEstateAgent.java</file>
        </group>
    </open-files>
</project-private>
